User,Activity Type,Day Start ,Date Start,Time Start,Distance,Time,Avg Speed(Avg Pace),Max Speed(Best Pace),Elevation Gain,Calories,Avg HR,Max HR
A,Running,Thu,21 Apr 2016 ,6:33 PM,4.34,1.585416667,0.365277778,0.211111111,80,507,NA,NA
A,Running,Thu,14 Apr 2016 ,6:32 PM,5.44,2.244444444,0.413194444,0.216666667,151,631,NA,NA
A,Running,Thu,7 Apr 2016 ,6:32 PM,5.54,2.180555556,0.393055556,0.234722222,79,645,NA,NA
A,Running,Thu,31 Mar 2016 ,5:36 PM,1.41,0.558333333,0.395138889,0.334722222,24,168,NA,NA
A,Running,Tue,15 Mar 2016 ,1:03 PM,1.02,0.278472222,0.272916667,0.311111111,6,86,NA,NA
A,Running,Tue,15 Mar 2016 ,12:34 PM,1.8,0.65625,0.364583333,0.272222222,9,203,NA,NA
A,Running,Thu,10 Mar 2016 ,6:33 PM,7.12,0.04900463,0.413194444,0.188888889,188,821,NA,NA
A,Running,Thu,3 Mar 2016 ,6:42 PM,3.67,2.09375,0.570138889,0.158333333,69,402,NA,NA
A,Running,Thu,25 Feb 2016 ,6:36 PM,5.22,1.890277778,0.361805556,0.18125,114,617,NA,NA
A,Running,Thu,25 Feb 2016 ,5:39 PM,1.69,0.65625,0.388888889,0.285416667,26,200,NA,NA
A,Running,Thu,18 Feb 2016 ,6:34 PM,7.35,0.050300926,0.410416667,0.136111111,113,849,NA,NA
A,Running,Thu,11 Feb 2016 ,6:32 PM,7.61,0.05818287,0.459027778,0.169444444,300,843,NA,NA
A,Running,Sat,6 Feb 2016 ,10:13 PM,1.28,1.13125,0.886111111,0.696527778,174,106,NA,NA
A,Running,Thu,4 Feb 2016 ,8:13 PM,1.56,0.690972222,0.44375,0.193055556,42,159,NA,NA
A,Running,Thu,4 Feb 2016 ,6:33 PM,5.61,0.04681713,0.500694444,0.178472222,61,604,NA,NA
A,Running,Thu,4 Feb 2016 ,5:35 PM,1.67,0.715972222,0.429166667,0.352083333,26,184,NA,NA
A,Running,Thu,28 Jan 2016 ,6:40 PM,5.89,0.04181713,0.426388889,0.166666667,82,668,NA,NA
A,Running,Thu,28 Jan 2016 ,5:12 PM,1.64,0.727777778,0.445138889,0.309027778,29,188,NA,NA
A,Running,Thu,21 Jan 2016 ,6:32 PM,6.16,0.041979167,0.409027778,0.31875,59,705,NA,NA
A,Running,Thu,21 Jan 2016 ,5:45 PM,1.69,0.73125,0.432638889,0.349305556,25,187,NA,NA
A,Running,Tue,19 Jan 2016 ,1:58 PM,1.95,0.797916667,0.410416667,0.297916667,58,221,NA,NA
A,Running,Tue,19 Jan 2016 ,1:07 PM,0.33,0.147916667,0.442361111,0.357638889,1,39,NA,NA
A,Running,Tue,19 Jan 2016 ,12:37 PM,2.1,0.840972222,0.4,0.310416667,10,223,NA,NA
A,Running,Thu,14 Jan 2016 ,6:33 PM,5.06,1.918055556,0.379166667,0.204166667,227,578,NA,NA
A,Running,Thu,14 Jan 2016 ,5:35 PM,1.66,0.696527778,0.41875,0.335416667,29,188,NA,NA
A,Running,Thu,7 Jan 2016 ,6:33 PM,5.46,2.277777778,0.417361111,0.305555556,69,635,NA,NA
A,Running,Thu,7 Jan 2016 ,5:29 PM,1.65,0.627777778,0.379861111,0.265277778,27,191,NA,NA
A,Running,Sun,3 Jan 2016 ,10:15 AM,2.12,0.954166667,0.450694444,0.326388889,195,230,NA,NA
A,Hiking,Fri,1 Jan 2016 ,1:18 PM,1.96,1.8625,0.951388889,0.501388889,30,163,NA,NA
A,Hiking,Fri,1 Jan 2016 ,10:30 AM,4.09,0.068819444,1.010416667,0.367361111,220,331,NA,NA
A,Trail Running,Thu,31 Dec 2015 ,10:17 AM,2.25,2.378472222,1.05625,0.244444444,183,173,NA,NA
A,Hiking,Wed,30 Dec 2015 ,3:20 PM,1.12,1.361805556,1.220138889,0.602083333,125,78,NA,NA
B,Running,Thu,"Mar 26, 2015 ",7:18 PM,7.12,1.297222222,0.181944444,0.120138889,165,444,86,96
B,Running,Thu,"Mar 26, 2015 ",6:55 PM,1.87,0.451388889,0.240972222,0.161805556,55,82,75,94
B,Running,Wed,"Mar 25, 2015 ",8:26 PM,2.11,0.445138889,0.211111111,0.173611111,NA,121,72,77
B,Running,Wed,"Mar 25, 2015 ",6:44 PM,3.69,0.745833333,0.202083333,0.061805556,77,241,80,88
B,Running,Sun,"Mar 22, 2015 ",7:57 AM,8.45,2.146527778,0.254166667,0.161805556,200,582,NA,NA
B,Running,Sat,"Mar 21, 2015 ",9:09 AM,14.94,0.064236111,0.257638889,0.15,366,797,68,91
B,Running,Thu,"Mar 19, 2015 ",7:58 PM,1.06,0.342361111,0.322222222,0.56,10,59,59,74
B,Running,Thu,"Mar 19, 2015 ",7:28 PM,4.98,0.720833333,0.145138889,0.10625,44,278,91,97
B,Running,Thu,"Mar 19, 2015 ",6:59 PM,2.01,0.409722222,0.203472222,0.130555556,26,123,85,93
B,Running,Wed,"Mar 18, 2015 ",7:02 PM,4.16,0.894444444,0.215277778,0.134027778,21,261,72,84
B,Running,Thu,"Mar 12, 2015 ",8:03 PM,0.72,0.330555556,0.461111111,0.280555556,67,78,64,67
B,Running,Thu,"Mar 12, 2015 ",7:17 PM,8.77,1.600694444,0.182638889,0.114583333,179,559,86,97
B,Running,Thu,"Mar 12, 2015 ",6:51 PM,1.87,0.45,0.240972222,0.171527778,19,79,68,88
B,Running,Wed,"Mar 11, 2015 ",7:02 PM,4.31,0.963194444,0.222916667,0.175694444,71,295,73,89
B,Running,Thu,"May 14, 2015 ",7:22 AM,6.59,1.473611111,0.223611111,0.159722222,137,448,78,98
B,Running,Sat,"May 9, 2015 ",8:16 AM,6.7,2.009722222,0.3,0.183333333,90,478,68,96
B,Running,Sat,"May 2, 2015 ",12:38 PM,24.01,0.112060185,0.279861111,0.129166667,389,1518,71,119
B,Running,Thu,"Apr 30, 2015 ",7:27 PM,7.53,1.5,0.199305556,0.108333333,33,520,86,98
B,Running,Thu,"Apr 30, 2015 ",7:18 PM,1.37,0.310416667,0.225694444,0.140972222,33,84,81,96
B,Running,Mon,"Apr 27, 2015 ",6:20 PM,6.31,1.635416667,0.259027778,0.44,182,402,73,94
B,Running,Thu,"Apr 23, 2015 ",7:17 PM,8.52,1.763194444,0.206944444,0.109027778,109,526,82,96
B,Running,Sat,"Apr 18, 2015 ",8:47 AM,25.19,0.087118056,0.207638889,0.145138889,261,1487,78,87
B,Running,Thu,"Apr 16, 2015 ",7:23 PM,5.79,1.047222222,0.180555556,0.106944444,121,369,89,99
B,Running,Thu,"Apr 16, 2015 ",7:12 PM,1.39,0.267361111,0.192361111,0.125694444,40,79,82,89
B,Running,Wed,"Apr 15, 2015 ",7:00 PM,4.36,0.996527778,0.228472222,0.141666667,87,287,73,85
B,Running,Wed,"Apr 15, 2015 ",5:52 PM,6.46,1.361111111,0.210416667,0.107638889,310,373,75,85
B,Running,Wed,"Apr 15, 2015 ",7:13 AM,6.59,1.3625,0.206944444,0.163888889,86,394,75,83
B,Running,Sun,"Apr 12, 2015 ",9:46 AM,8.03,1.994444444,0.248611111,0.158333333,110,451,70,93
B,Running,Thu,"Apr 9, 2015 ",6:18 PM,8.78,2.002777778,0.227777778,0.088888889,230,543,74,88
B,Running,Wed,"Apr 1, 2015 ",6:53 PM,4.4,0.973611111,0.221527778,0.172916667,74,275,71,80
B,Running,Wed,"Apr 1, 2015 ",5:43 PM,6.44,1.322222222,0.205555556,0.109027778,111,374,73,84
B,Running,Wed,"Apr 1, 2015 ",7:10 AM,10.58,2.154861111,0.203472222,0.145833333,176,637,77,88
B,Running,Mon,"Mar 30, 2015 ",5:46 PM,10.87,2.486805556,0.228472222,0.15625,230,792,NA,NA
B,Running,Mon,"Mar 30, 2015 ",5:38 PM,0.87,0.196527778,0.225694444,0.167361111,7,68,NA,NA
B,Running,Wed,"Jun 17, 2015 ",4:44 PM,6.45,1.329861111,0.20625,0.043055556,167,363,73,82
B,Running,Wed,"Jun 17, 2015 ",6:53 AM,6.53,1.369444444,0.209722222,0.080555556,120,350,72,83
B,Running,Tue,"Jun 16, 2015 ",7:35 PM,1.13,0.159722222,0.141666667,0.127083333,9,47,91,108
B,Running,Wed,"Jun 10, 2015 ",8:03 AM,7.49,0.114375,0.915972222,0.161111111,770,438,NA,NA
B,Running,Tue,"Jun 9, 2015 ",8:31 AM,18.12,0.183923611,0.609027778,0.167361111,1047,1094,NA,NA
B,Running,Mon,"Jun 8, 2015 ",2:34 PM,7.83,0.100300926,0.768055556,0.188888889,264,408,NA,NA
B,Running,Thu,"Jun 4, 2015 ",7:16 PM,3.11,0.74375,0.238888889,0.1,12,210,80,95
B,Running,Thu,"Jun 4, 2015 ",7:10 PM,0.71,0.242361111,0.343055556,0.110416667,5,54,69,93
B,Running,Thu,"Jun 4, 2015 ",6:48 PM,1.22,0.789583333,0.649305556,0.158333333,32,106,57,84
B,Running,Sat,"May 30, 2015 ",2:18 PM,2.05,0.336805556,0.164583333,0.138194444,6,110,84,87
B,Running,Thu,"May 28, 2015 ",7:10 PM,6.65,1.305555556,0.196527778,0.106944444,31,378,87,101
B,Running,Thu,"May 28, 2015 ",7:05 PM,0.77,0.161805556,0.209722222,0.115277778,3,38,84,93
B,Running,Thu,"May 28, 2015 ",6:37 PM,1.64,0.386111111,0.236111111,0.15625,29,45,80,93
B,Running,Wed,"May 27, 2015 ",8:21 PM,1.88,0.391666667,0.208333333,0.164583333,39,98,72,78
B,Running,Wed,"May 27, 2015 ",6:59 PM,2.2,0.479166667,0.218055556,0.160416667,57,128,78,88
B,Running,Mon,"May 25, 2015 ",11:22 AM,18.13,0.115243056,0.38125,0.109722222,1034,1278,68,92
B,Running,Sun,"May 24, 2015 ",11:10 AM,14,0.074386574,0.31875,0.11875,292,951,69,104
B,Running,Fri,"May 22, 2015 ",8:52 AM,21.58,0.138425926,0.384722222,0.140277778,580,1570,66,87
B,Running,Mon,"May 18, 2015 ",6:02 PM,19.14,0.061608796,0.193055556,0.132638889,278,1282,84,105
B,Running,Sat,"May 16, 2015 ",10:55 AM,7.55,1.313888889,0.173611111,0.126388889,98,489,87,92
B,Running,Tue,"Jul 14, 2015 ",7:10 AM,6.51,1.3625,0.209027778,0.143055556,115,360,73,82
B,Running,Sun,"Jul 12, 2015 ",7:11 AM,44.8,0.202199074,0.270833333,0.121527778,903,2392,70,85
B,Running,Thu,"Jul 9, 2015 ",7:13 PM,9.18,1.792361111,0.195138889,0.104166667,54,528,84,97
B,Running,Thu,"Jul 9, 2015 ",6:51 PM,1.17,0.454166667,0.388888889,0.15,16,81,64,79
B,Running,Wed,"Jul 8, 2015 ",5:18 PM,6.41,1.461111111,0.228472222,0.21,132,312,69,82
B,Running,Wed,"Jul 8, 2015 ",6:53 AM,6.6,1.398611111,0.211805556,0.150694444,101,283,72,84
B,Running,Sat,"Jul 4, 2015 ",8:43 PM,17.89,0.113194444,0.379861111,0.138194444,777,1017,68,83
B,Running,Sat,"Jul 4, 2015 ",8:30 AM,28.05,0.293715278,0.628472222,0.141666667,1944,2701,65,95
B,Running,Tue,"Jun 30, 2015 ",6:54 PM,7.58,1.7375,0.229166667,0.130555556,183,554,79,98
B,Running,Thu,"Jun 25, 2015 ",7:32 PM,0.63,0.086111111,0.136111111,0.107638889,2,34,94,97
B,Running,Thu,"Jun 25, 2015 ",7:29 PM,0.63,0.0875,0.138194444,0.127777778,NA,32,90,96
B,Running,Thu,"Jun 25, 2015 ",7:26 PM,0.57,0.084722222,0.147916667,0.132638889,2,29,85,93
B,Running,Thu,"Jun 25, 2015 ",7:23 PM,0.65,0.092361111,0.141666667,0.121527778,2,35,92,97
B,Running,Thu,"Jun 25, 2015 ",7:20 PM,0.65,0.090972222,0.139583333,0.120833333,NA,34,90,104
B,Running,Thu,"Jun 25, 2015 ",7:14 PM,1.12,0.174305556,0.155555556,0.125694444,8,50,77,89
B,Running,Thu,"Jun 25, 2015 ",6:56 PM,0.54,0.264583333,0.4875,0.18125,20,36,56,76
B,Running,Mon,"Jun 22, 2015 ",11:41 AM,14.09,0.07880787,0.335416667,0.114583333,357,826,64,91
B,Running,Thu,"Jun 18, 2015 ",7:15 PM,8.75,1.715972222,0.195833333,0.098611111,36,549,85,98
B,Running,Thu,"Jun 18, 2015 ",6:58 PM,0.92,0.624305556,0.68125,0.123611111,12,97,58,81
B,Running,Thu,"Jun 18, 2015 ",6:53 PM,0.5,0.113888889,0.226388889,0.163888889,6,33,73,76
B,Running,Sun,"Aug 23, 2015 ",7:53 AM,50.49,0.218194444,0.259027778,0.128472222,799,3569,37,37
B,Running,Wed,"Aug 19, 2015 ",9:22 AM,9.18,2.00625,0.21875,0.154166667,81,592,69,77
B,Running,Mon,"Aug 17, 2015 ",5:23 PM,21.1,0.079351852,0.225694444,0.120138889,448,1153,72,83
B,Running,Mon,"Aug 17, 2015 ",7:15 AM,6.53,1.400694444,0.214583333,0.131944444,125,391,70,78
B,Running,Thu,"Aug 13, 2015 ",7:18 PM,6.92,1.700694444,0.245833333,0.109722222,37,421,72,96
B,Running,Thu,"Aug 13, 2015 ",6:56 PM,0.85,0.155555556,0.182638889,0.140972222,11,47,71,74
B,Running,Wed,"Aug 12, 2015 ",5:30 PM,6.76,1.442361111,0.213194444,0.049305556,175,402,71,83
B,Running,Wed,"Aug 12, 2015 ",7:01 AM,6.52,1.368055556,0.209722222,0.127777778,136,381,71,81
B,Running,Sun,"Aug 9, 2015 ",8:09 AM,6.47,1.511805556,0.233333333,0.134722222,156,433,72,86
B,Running,Thu,"Aug 6, 2015 ",7:12 PM,8.57,1.656944444,0.19375,0.109027778,44,575,85,97
B,Running,Sun,"Aug 2, 2015 ",8:44 AM,28.11,0.116990741,0.25,0.139583333,515,1576,67,85
B,Running,Thu,"Jul 30, 2015 ",7:02 PM,5.99,1.03125,0.172222222,0.104861111,29,409,87,96
B,Running,Thu,"Jul 30, 2015 ",6:50 PM,0.54,0.105555556,0.195833333,0.177083333,1,30,68,73
B,Running,Thu,"Jul 23, 2015 ",10:47 AM,20.94,0.251631944,0.720833333,0.159722222,1292,1146,NA,NA
B,Running,Wed,"Jul 22, 2015 ",5:47 PM,2.56,0.514583333,0.201388889,0.136805556,29,176,77,85
B,Running,Thu,"Jul 16, 2015 ",7:20 PM,2.05,0.423611111,0.20625,0.109027778,11,145,85,98
B,Running,Thu,"Jul 16, 2015 ",7:08 PM,1.92,0.426388889,0.222222222,0.120833333,13,135,81,97
B,Running,Thu,"Jul 16, 2015 ",6:55 PM,1.82,0.454166667,0.25,0.11875,7,118,74,94
B,Running,Thu,"Jul 16, 2015 ",6:37 PM,0.54,0.104166667,0.191666667,0.146527778,70,26,68,74
B,Running,Tue,"Jul 14, 2015 ",4:45 PM,6.57,1.427777778,0.217361111,0.23,180,348,70,82
B,Running,Tue,"Sep 15, 2015 ",6:03 PM,6.27,1.390277778,0.221527778,0.156944444,50,330,73,85
B,Running,Tue,"Sep 15, 2015 ",5:50 PM,0.82,0.3125,0.383333333,0.188888889,66,87,81,91
B,Running,Tue,"Sep 15, 2015 ",5:31 PM,2.56,0.75,0.292361111,0.1375,130,218,81,93
B,Running,Tue,"Sep 15, 2015 ",5:17 PM,1.75,0.5,0.284722222,0.138888889,96,150,81,92
B,Running,Tue,"Sep 15, 2015 ",5:10 PM,1.02,0.25,0.244444444,0.125694444,41,76,82,90
B,Running,Tue,"Sep 15, 2015 ",4:49 PM,3.6,0.797222222,0.221527778,0.138888889,88,186,68,74
B,Running,Sat,"Sep 12, 2015 ",9:38 AM,17.47,0.099189815,0.340972222,0.136805556,403,1070,68,92
B,Running,Fri,"Sep 11, 2015 ",8:51 AM,1.04,0.239583333,0.231944444,0.181944444,10,70,76,84
B,Running,Fri,"Sep 11, 2015 ",8:44 AM,0.7,0.25,0.359027778,0.160416667,31,79,86,94
B,Running,Fri,"Sep 11, 2015 ",8:33 AM,1,0.375,0.375,0.151388889,68,118,85,96
B,Running,Fri,"Sep 11, 2015 ",8:20 AM,1.38,0.5,0.361805556,0.159722222,98,148,82,95
B,Running,Fri,"Sep 11, 2015 ",8:09 AM,1,0.375,0.375694444,0.15,67,111,84,92
B,Running,Fri,"Sep 11, 2015 ",8:03 AM,0.7,0.26875,0.381944444,0.178472222,22,76,78,90
B,Running,Fri,"Sep 11, 2015 ",7:04 AM,4.42,2.259722222,0.511805556,0.140277778,160,305,57,85
B,Running,Wed,"Sep 9, 2015 ",4:56 PM,6.26,1.327777778,0.2125,0.084027778,246,336,75,84
B,Running,Wed,"Sep 9, 2015 ",7:05 AM,6.55,1.320833333,0.202083333,0.138194444,185,314,75,91
B,Running,Thu,"Sep 3, 2015 ",7:17 PM,2.79,0.377083333,0.135416667,0.110416667,18,106,86,97
B,Running,Sat,"Aug 29, 2015 ",1:53 PM,2.12,0.325,0.153472222,0.120138889,9,151,NA,NA
B,Running,Thu,"Aug 27, 2015 ",7:08 PM,7.7,1.50625,0.195138889,0.111111111,42,538,75,76
B,Running,Tue,"Aug 25, 2015 ",9:55 AM,14.94,0.066678241,0.268055556,0.0625,228,1036,NA,NA
B,Running,Thu,"Oct 22, 2015 ",7:02 AM,6.39,1.620833333,0.253472222,0.131944444,89,418,72,85
B,Running,Tue,"Oct 20, 2015 ",6:50 AM,6.61,1.419444444,0.214583333,0.152777778,115,365,72,81
B,Running,Thu,"Oct 15, 2015 ",7:53 PM,5.16,1.053472222,0.204166667,0.111805556,166,290,73,87
B,Running,Thu,"Oct 15, 2015 ",7:15 AM,6.55,1.276388889,0.194444444,0.119444444,113,394,79,90
B,Running,Sun,"Oct 11, 2015 ",8:08 AM,27.43,0.121759259,0.265972222,0.139583333,510,1300,67,83
B,Running,Tue,"Oct 6, 2015 ",6:45 PM,3.08,1.389583333,0.452083333,0.1625,106,240,63,84
B,Running,Sun,"Oct 4, 2015 ",8:53 AM,2.96,0.779166667,0.263194444,0.0625,53,189,69,87
B,Running,Sun,"Oct 4, 2015 ",7:24 AM,2.88,0.786805556,0.272916667,0.56,74,184,69,89
B,Running,Thu,"Oct 1, 2015 ",7:00 PM,5.2,1.117361111,0.215277778,0.14375,70,282,76,94
B,Running,Thu,"Oct 1, 2015 ",6:47 PM,1.94,0.5,0.257638889,0.138194444,188,146,82,93
B,Running,Thu,"Oct 1, 2015 ",6:35 PM,1.91,0.4875,0.25625,0.127083333,98,137,79,91
B,Running,Thu,"Oct 1, 2015 ",6:13 PM,4.07,0.870138889,0.213888889,0.134722222,120,197,70,77
B,Running,Wed,"Sep 30, 2015 ",6:56 AM,6.53,1.205555556,0.184722222,0.113888889,104,323,80,86
B,Running,Tue,"Sep 29, 2015 ",5:11 PM,6.34,1.354166667,0.213194444,0.075,163,262,69,82
B,Running,Sun,"Sep 27, 2015 ",9:18 AM,2.98,0.798611111,0.267361111,0.109722222,58,165,70,87
B,Running,Sun,"Sep 27, 2015 ",7:43 AM,2.83,0.764583333,0.270138889,0.146527778,68,159,71,89
B,Running,Wed,"Sep 23, 2015 ",6:36 PM,6.68,0.05087963,0.456944444,0.059722222,241,293,54,81
B,Running,Sun,"Sep 20, 2015 ",9:45 AM,35.15,0.202060185,0.345138889,0.140972222,917,1848,74,88
B,Running,Sat,"Sep 19, 2015 ",9:16 AM,35.79,0.199131944,0.334027778,0.139583333,1458,2751,79,91
B,Running,Wed,"Sep 16, 2015 ",6:55 AM,6.5,1.395833333,0.214583333,0.149305556,101,323,71,83
B,Running,Thu,"Dec 3, 2015 ",4:45 PM,5.09,1.163888889,0.228472222,0.139583333,108,228,68,82
B,Running,Thu,"Dec 3, 2015 ",7:16 AM,6.41,1.334027778,0.208333333,0.114583333,110,301,75,81
B,Running,Sun,"Nov 29, 2015 ",9:34 AM,18.54,0.129826389,0.420138889,0.124305556,615,1223,67,84
B,Running,Sat,"Nov 28, 2015 ",8:01 AM,31.37,0.157569444,0.301388889,0.135416667,961,2037,74,90
B,Running,Thu,"Nov 26, 2015 ",7:23 PM,5.49,1.074305556,0.195833333,0.091666667,120,333,83,97
B,Running,Thu,"Nov 26, 2015 ",7:14 PM,1.61,0.347222222,0.215972222,0.117361111,54,93,72,78
B,Running,Sun,"Nov 22, 2015 ",11:17 AM,18.81,0.06400463,0.204166667,0.134722222,257,832,73,89
B,Running,Sat,"Nov 14, 2015 ",8:32 AM,45.56,0.165833333,0.218055556,0.057638889,807,2820,84,92
B,Running,Tue,"Nov 10, 2015 ",5:16 PM,6.34,1.277083333,0.201388889,0.140277778,181,331,72,82
B,Running,Tue,"Nov 10, 2015 ",6:45 AM,6.5,1.246527778,0.191666667,0.102777778,126,312,72,80
B,Running,Sun,"Nov 8, 2015 ",2:23 PM,16.02,0.077951389,0.291666667,0.133333333,331,866,69,83
B,Running,Thu,"Nov 5, 2015 ",7:29 PM,5.47,1.392361111,0.254166667,0.104166667,112,395,82,99
B,Running,Thu,"Nov 5, 2015 ",7:18 PM,1.21,0.20625,0.170833333,0.138194444,16,63,79,86
B,Running,Thu,"Nov 5, 2015 ",7:00 PM,0.65,0.485416667,0.748611111,0.145833333,27,38,51,66
B,Running,Thu,"Nov 5, 2015 ",7:01 AM,6.36,1.297222222,0.204166667,0.146527778,70,336,73,81
B,Running,Thu,"Oct 29, 2015 ",8:01 PM,5.88,1.304861111,0.222222222,0.138888889,118,353,75,85
B,Running,Thu,"Oct 29, 2015 ",7:28 PM,4.76,1.195833333,0.251388889,0.092361111,95,307,77,97
B,Running,Thu,"Oct 29, 2015 ",7:01 PM,0.92,0.2,0.216666667,0.170138889,20,48,65,69
B,Running,Thu,"Oct 29, 2015 ",7:03 AM,6.51,1.397222222,0.214583333,0.159027778,94,348,72,79
B,Running,Sun,"Jan 10, 2016 ",9:39 AM,2.92,0.784027778,0.26875,0.136805556,87,227,72,83
B,Running,Sun,"Jan 10, 2016 ",7:52 AM,2.98,0.784722222,0.263194444,0.143055556,74,220,71,83
B,Running,Wed,"Dec 30, 2015 ",8:09 AM,24.79,0.093229167,0.225694444,0.127777778,305,1250,72,87
B,Running,Mon,"Dec 28, 2015 ",9:14 AM,12.63,0.050335648,0.238888889,0.149305556,126,569,66,83
B,Running,Fri,"Dec 25, 2015 ",8:02 AM,25.32,0.1190625,0.281944444,0.073611111,548,1250,68,82
B,Running,Thu,"Dec 24, 2015 ",10:13 AM,4.09,0.963888889,0.235416667,0.158333333,51,217,70,75
B,Running,Thu,"Dec 24, 2015 ",8:12 AM,4.34,0.920138889,0.211805556,0.150694444,103,226,74,82
B,Running,Mon,"Dec 21, 2015 ",8:08 AM,32.47,0.145902778,0.269444444,0.152777778,677,1542,66,84
B,Running,Thu,"Dec 17, 2015 ",5:07 PM,6.08,1.397916667,0.229861111,0.125694444,193,329,68,78
B,Running,Thu,"Dec 17, 2015 ",7:13 AM,6.14,1.167361111,0.190277778,0.14375,130,350,78,86
B,Running,Tue,"Dec 15, 2015 ",6:36 AM,0.54,0.059027778,0.109027778,0.098611111,37,7,53,65
B,Running,Sun,"Dec 13, 2015 ",9:16 AM,2.88,0.841666667,0.292361111,0.1625,64,185,66,81
B,Running,Sun,"Dec 13, 2015 ",7:43 AM,2.81,0.853472222,0.302777778,0.152083333,81,190,66,84
B,Running,Thu,"Dec 10, 2015 ",7:43 AM,6.35,1.367361111,0.215277778,0.14375,126,322,71,77
B,Running,Wed,"Dec 9, 2015 ",6:40 AM,7.75,1.366666667,0.176388889,0.051388889,263,358,77,90
B,Running,Sun,"Dec 6, 2015 ",9:43 AM,2.92,0.723611111,0.247916667,0.146527778,70,168,71,83
B,Running,Sun,"Dec 6, 2015 ",8:17 AM,2.92,0.710416667,0.24375,0.122916667,89,162,70,83
B,Running,Sat,"Dec 5, 2015 ",8:48 AM,51.06,0.084421296,0.099305556,0.04375,413,829,66,86
B,Running,Tue,"Mar 8, 2016 ",12:33 PM,5.3,1.086805556,0.204861111,0.143055556,24,302,72,76
B,Running,Sun,"Mar 6, 2016 ",7:46 AM,6.48,1.765277778,0.272222222,0.15,98,387,65,76
B,Running,Fri,"Mar 4, 2016 ",4:33 PM,8.43,1.666666667,0.197916667,0.136805556,23,531,83,92
B,Running,Fri,"Mar 4, 2016 ",4:09 PM,1.67,0.35625,0.213888889,0.170833333,NA,112,75,83
B,Running,Wed,"Mar 2, 2016 ",7:33 AM,9.36,1.9875,0.2125,0.130555556,74,495,72,77
B,Running,Mon,"Feb 29, 2016 ",5:20 PM,0.48,0.064583333,0.132638889,0.113888889,NA,24,90,96
B,Running,Mon,"Feb 29, 2016 ",5:16 PM,0.65,0.091666667,0.140972222,0.122222222,NA,34,90,94
B,Running,Mon,"Feb 29, 2016 ",5:13 PM,0.65,0.089583333,0.1375,0.116666667,NA,33,89,95
B,Running,Mon,"Feb 29, 2016 ",5:09 PM,0.87,0.119444444,0.138194444,0.117361111,NA,45,90,96
B,Running,Mon,"Feb 29, 2016 ",5:00 PM,1.97,0.329861111,0.166666667,0.111111111,1,116,87,95
B,Running,Mon,"Feb 29, 2016 ",4:55 PM,1.24,0.185416667,0.149305556,0.111805556,NA,66,89,94
B,Running,Mon,"Feb 29, 2016 ",4:40 PM,1.33,0.210416667,0.157638889,0.134722222,NA,70,84,87
B,Running,Mon,"Feb 29, 2016 ",4:24 PM,0.92,0.251388889,0.272916667,0.148611111,NA,60,68,82
B,Running,Sun,"Feb 28, 2016 ",10:11 AM,17.23,1.645833333,0.095833333,0.58,161,326,65,87
B,Running,Thu,"Feb 25, 2016 ",7:09 PM,3.95,0.81875,0.206944444,0.15,35,230,75,84
B,Running,Thu,"Feb 25, 2016 ",8:46 AM,6.67,1.402083333,0.210416667,0.073611111,70,364,72,82
B,Running,Sat,"Feb 20, 2016 ",8:53 AM,1.79,0.184027778,0.102777778,0.070138889,7,48,70,79
B,Running,Thu,"Feb 18, 2016 ",5:40 PM,5.98,1.334027778,0.222916667,0.134027778,87,345,72,82
B,Running,Thu,"Feb 18, 2016 ",7:10 AM,6.52,1.529166667,0.234722222,0.15,74,405,74,86
B,Running,Thu,"Feb 11, 2016 ",7:24 PM,4.52,0.875,0.19375,0.096527778,5,267,83,97
B,Running,Thu,"Feb 11, 2016 ",7:00 PM,2,0.432638889,0.215972222,0.050694444,3,103,69,82
B,Running,Thu,"Jan 28, 2016 ",7:52 PM,0.28,0.054861111,0.193055556,0.152777778,NA,13,67,68
B,Running,Thu,"Jan 28, 2016 ",7:15 PM,6.48,1.256944444,0.19375,0.134027778,286,382,83,96
B,Running,Thu,"Jan 28, 2016 ",6:44 PM,3.56,0.736805556,0.206944444,0.063888889,72,201,74,83
B,Running,Thu,"Jan 28, 2016 ",6:56 AM,6.37,1.26875,0.199305556,0.136805556,70,364,76,85
B,Running,Sun,"Jan 24, 2016 ",9:40 AM,2.53,0.724305556,0.286111111,0.180555556,66,176,70,84
B,Running,Sun,"Jan 24, 2016 ",7:40 AM,2.92,0.841666667,0.288194444,0.175,68,199,69,85
B,Running,Thu,"Jan 21, 2016 ",8:10 PM,5.71,1.047916667,0.183333333,0.042361111,83,265,69,82
B,Running,Thu,"Jan 21, 2016 ",8:26 AM,6.45,1.205555556,0.186805556,0.138194444,86,376,78,87
B,Running,Tue,"Jan 19, 2016 ",6:00 PM,6.04,1.347916667,0.222916667,0.136111111,92,352,71,84
B,Running,Tue,"Jan 19, 2016 ",6:56 AM,6.27,1.152083333,0.184027778,0.097222222,68,351,76,85
B,Running,Sun,"Jan 17, 2016 ",8:07 AM,8.63,0.057569444,0.4,0.05625,120,559,60,77
B,Running,Thu,"Jan 14, 2016 ",7:27 PM,4.76,1.050694444,0.220833333,0.096527778,15,322,81,97
B,Running,Thu,"Jan 14, 2016 ",7:16 PM,1.25,0.413888889,0.330555556,0.063888889,3,88,65,81
B,Running,Thu,"Jan 14, 2016 ",7:01 PM,0.73,0.284027778,0.388194444,0.15,2,54,62,70
B,Running,Thu,"Jan 14, 2016 ",8:14 AM,6.44,1.359722222,0.211111111,0.142361111,84,353,71,80
C,Running,Sat,"Apr 2, 2016 ",3:16 PM,4.91,2.000694444,0.406944444,0.069444444,195,579,NA,NA
C,Running,Thu,"Mar 31, 2016 ",6:34 PM,0.72,0.300694444,0.420138889,0.249305556,53,89,NA,NA
C,Running,Tue,"Mar 29, 2016 ",6:46 PM,5.51,2.165277778,0.393055556,0.223611111,401,654,NA,NA
C,Running,Sat,"Mar 26, 2016 ",5:03 PM,5.66,2.28125,0.403472222,0.256944444,326,674,NA,NA
C,Running,Thu,"Mar 24, 2016 ",6:52 PM,3.08,1.217361111,0.395138889,0.3,140,375,NA,NA
C,Running,Tue,"Mar 22, 2016 ",6:47 PM,5.7,2.227777778,0.390972222,0.133333333,192,669,NA,NA
C,Running,Sun,"Mar 20, 2016 ",9:04 AM,4.76,1.811805556,0.380555556,0.263888889,304,566,NA,NA
C,Running,Thu,"Mar 17, 2016 ",6:45 PM,3.53,1.382638889,0.391666667,0.236111111,190,415,NA,NA
C,Running,Thu,"Mar 10, 2016 ",6:50 PM,2.69,1.358333333,0.504166667,0.25625,119,313,NA,NA
C,Running,Tue,"Mar 8, 2016 ",6:48 PM,7.58,0.054363426,0.429861111,0.37,572,898,NA,NA
C,Running,Sun,"Mar 6, 2016 ",4:05 PM,4.78,1.827777778,0.382638889,0.264583333,341,575,NA,NA
C,Running,Thu,"Mar 3, 2016 ",6:50 PM,3.36,1.452083333,0.431944444,0.302777778,190,385,NA,NA
C,Running,Sat,"Feb 27, 2016 ",4:52 PM,9.53,0.062037037,0.390277778,0.251388889,690,1132,NA,NA
C,Running,Thu,"Feb 25, 2016 ",6:51 PM,3.32,1.341666667,0.404166667,0.278472222,59,386,NA,NA
C,Running,Tue,"Feb 23, 2016 ",6:50 PM,5.3,2.110416667,0.398611111,0.244444444,199,636,NA,NA
C,Running,Sun,"Feb 21, 2016 ",3:02 PM,6.36,0.046087963,0.434722222,0.241666667,448,761,NA,NA
C,Running,Thu,"Feb 18, 2016 ",6:58 PM,2.58,1.257638889,0.488194444,0.323611111,249,296,NA,NA
C,Running,Tue,"Feb 16, 2016 ",6:53 PM,5.11,2.15625,0.421527778,0.3,373,604,NA,NA
C,Running,Tue,"Feb 9, 2016 ",6:48 PM,6.06,2.402083333,0.395833333,0.219444444,613,715,NA,NA
C,Running,Thu,"Feb 4, 2016 ",6:52 PM,3.02,1.345833333,0.445833333,0.295833333,89,350,NA,NA
C,Running,Sun,"Jan 31, 2016 ",8:49 AM,1.23,0.488888889,0.398611111,0.120833333,44,151,NA,NA
C,Running,Sun,"Jan 31, 2016 ",7:58 AM,8.69,1.622916667,0.186805556,0.46,273,475,NA,NA
C,Running,Thu,"Jan 28, 2016 ",6:48 PM,2.82,1.054861111,0.374305556,0.26875,158,330,NA,NA
C,Running,Tue,"Jan 26, 2016 ",6:51 PM,5.69,2.373611111,0.417361111,0.203472222,439,679,NA,NA
C,Running,Sun,"Jan 24, 2016 ",9:01 AM,6.18,0.045439815,0.440972222,0.259722222,705,705,NA,NA
C,Running,Thu,"Jan 21, 2016 ",6:49 PM,4.06,0.057800926,0.853472222,0.286805556,224,441,NA,NA
C,Running,Sat,"Jan 16, 2016 ",3:02 PM,7.13,0.049502315,0.416666667,0.119444444,513,829,NA,NA
C,Running,Thu,"Jan 14, 2016 ",6:54 PM,1.51,0.476388889,0.315972222,0.35,95,185,NA,NA
C,Running,Thu,"Jan 14, 2016 ",6:54 PM,1.51,0.476388889,0.315972222,0.35,48,185,NA,NA
C,Running,Tue,"Jan 12, 2016 ",6:52 PM,4.37,2.077083333,0.475,0.1625,321,515,NA,NA
C,Running,Sun,"Jan 10, 2016 ",9:04 AM,3.19,1.385416667,0.434722222,0.322222222,171,379,NA,NA
C,Running,Sat,"Jan 9, 2016 ",9:04 AM,3.99,1.384722222,0.346527778,0.236111111,NA,469,NA,NA
C,Running,Thu,"Jan 7, 2016 ",6:51 PM,3.23,1.291666667,0.4,0.234027778,125,380,NA,NA
C,Running,Tue,"Jan 5, 2016 ",6:50 PM,6.16,2.484722222,0.403472222,0.257638889,600,730,NA,NA
C,Running,Sat,"Jan 2, 2016 ",9:01 AM,4.14,1.534027778,0.370138889,0.257638889,60,485,NA,NA
C,Running,Thu,"Dec 31, 2015 ",9:02 AM,5.81,2.431944444,0.41875,0.309027778,196,690,NA,NA
C,Running,Fri,"Dec 25, 2015 ",11:03 AM,2.1,0.824305556,0.392361111,0.136111111,129,255,NA,NA
C,Running,Sat,"Dec 19, 2015 ",9:08 AM,8.2,0.066759259,0.488888889,0.49,597,1017,NA,NA
C,Running,Thu,"Dec 10, 2015 ",6:50 PM,5.15,0.288993056,NA,0.077083333,100,571,NA,NA
C,Running,Tue,"Dec 8, 2015 ",6:52 PM,4.73,2.042361111,0.431944444,0.256944444,453,562,NA,NA
C,Running,Sun,"Dec 6, 2015 ",3:55 PM,4.18,1.667361111,0.399305556,0.075694444,238,497,NA,NA
C,Running,Thu,"Dec 3, 2015 ",7:31 PM,0,0.03,NA,0.126388889,NA,0,NA,NA
C,Running,Tue,"Dec 1, 2015 ",6:49 PM,7.8,0.056238426,0.432638889,0.28125,715,918,NA,NA
C,Running,Sun,"Nov 29, 2015 ",9:39 AM,3.15,1.379166667,0.438194444,0.288194444,99,381,NA,NA
C,Running,Thu,"Nov 19, 2015 ",6:51 PM,2.56,0.049756944,1.166666667,0.241666667,97,263,NA,NA
C,Running,Tue,"Nov 17, 2015 ",6:57 PM,3.36,1.439583333,0.428472222,0.305555556,148,401,NA,NA
C,Running,Sat,"Nov 14, 2015 ",9:17 AM,2.89,1.406944444,0.486805556,0.2625,45,337,NA,NA
C,Running,Thu,"Nov 12, 2015 ",6:52 PM,3.17,1.39375,0.439583333,0.284722222,188,372,NA,NA
C,Running,Tue,"Nov 10, 2015 ",7:08 PM,2.97,1.243055556,0.41875,0.284027778,135,361,NA,NA
C,Running,Sat,"Nov 7, 2015 ",9:35 AM,3.51,1.521527778,0.433333333,0.276388889,115,427,NA,NA
C,Running,Wed,"Nov 4, 2015 ",7:16 PM,3.01,1.229166667,0.408333333,0.316666667,120,361,NA,NA
C,Running,Sat,"Oct 31, 2015 ",10:38 AM,2.34,0.990972222,0.422916667,0.302083333,134,284,NA,NA
C,Running,Thu,"Oct 29, 2015 ",6:52 PM,2.05,0.872916667,0.426388889,0.29375,112,241,NA,NA
C,Running,Mon,"Oct 26, 2015 ",11:49 AM,2.59,1.278472222,0.49375,0.070833333,144,308,NA,NA
C,Running,Sat,"Oct 10, 2015 ",9:13 AM,2.27,1.064583333,0.468055556,0.294444444,72,271,NA,NA
C,Running,Sun,"Sep 27, 2015 ",7:58 AM,5.72,0.043726852,0.458333333,0.310416667,468,661,NA,NA
C,Running,Thu,"Sep 24, 2015 ",6:39 PM,4.27,0.147326389,2.069444444,0.077083333,101,526,NA,NA
C,Running,Tue,"Sep 22, 2015 ",6:56 PM,3.16,1.265972222,0.4,0.269444444,114,386,NA,NA
C,Running,Sun,"Sep 20, 2015 ",8:15 AM,6.31,0.04875,0.463888889,0.181944444,789,726,NA,NA
C,Running,Thu,"Sep 17, 2015 ",6:51 PM,1.73,0.777083333,0.449305556,0.244444444,68,205,NA,NA
C,Running,Sun,"Sep 13, 2015 ",9:52 AM,13.3,0.087106481,0.393055556,0.219444444,672,1579,NA,NA
C,Running,Sun,"Sep 6, 2015 ",5:25 PM,5.12,2.213888889,0.432638889,0.334027778,346,616,NA,NA
C,Running,Thu,"Sep 3, 2015 ",6:43 PM,5.49,0.3509375,NA,0.48,154,577,NA,NA
C,Running,Wed,"Sep 2, 2015 ",9:46 AM,5.9,2.444444444,0.413888889,0.298611111,332,707,NA,NA
C,Running,Wed,"Sep 2, 2015 ",9:11 AM,0,0.01,NA,0.694444444,NA,0,NA,NA
C,Running,Tue,"Sep 1, 2015 ",10:11 AM,3.46,1.408333333,0.406944444,0.084027778,166,437,NA,NA
C,Running,Sun,"Aug 30, 2015 ",2:45 PM,3.73,1.523611111,0.409027778,0.278472222,247,441,NA,NA
C,Running,Fri,"Aug 28, 2015 ",5:33 PM,11.47,0.089155093,0.465972222,0.329166667,940,1370,NA,NA
C,Running,Tue,"Aug 25, 2015 ",6:39 PM,6.65,0.042291667,0.38125,0.184722222,460,909,NA,NA
C,Running,Mon,"Aug 24, 2015 ",7:09 PM,4.01,1.709027778,0.425694444,0.078472222,127,494,NA,NA
C,Running,Sat,"Aug 22, 2015 ",9:06 AM,10.18,0.074224537,0.4375,0.48,797,1201,NA,NA
C,Running,Thu,"Aug 20, 2015 ",6:41 PM,3.88,1.701388889,0.438888889,0.36,208,484,NA,NA
C,Running,Wed,"Aug 12, 2015 ",8:12 PM,4.7,1.901388889,0.404861111,0.246527778,193,563,NA,NA
C,Running,Sat,"Aug 8, 2015 ",7:06 AM,10.78,0.080381944,0.447916667,0.296527778,858,1285,NA,NA
C,Running,Thu,"Aug 6, 2015 ",6:50 PM,2.65,1.015972222,0.383333333,0.25,149,317,NA,NA
C,Running,Tue,"Aug 4, 2015 ",4:56 PM,2.86,1.253472222,0.438194444,0.15625,212,336,NA,NA
C,Running,Sat,"Aug 1, 2015 ",8:58 AM,10.36,0.075706019,0.438194444,0.290277778,862,1231,NA,NA
C,Running,Thu,"Jul 30, 2015 ",6:52 PM,3.02,1.279166667,0.423611111,0.064583333,175,363,NA,NA
C,Running,Tue,"Jul 28, 2015 ",9:11 PM,4.06,1.654861111,0.406944444,0.194444444,210,478,NA,NA
C,Running,Sun,"Jul 26, 2015 ",8:26 PM,9.41,0.073032407,0.465972222,0.28,959,1109,NA,NA
C,Running,Thu,"Jul 23, 2015 ",6:48 PM,3.01,1.115972222,0.371527778,0.2625,104,360,NA,NA
C,Running,Tue,"Jul 21, 2015 ",6:59 PM,4.83,1.971527778,0.408333333,0.283333333,263,581,NA,NA
C,Running,Sun,"Jul 19, 2015 ",8:28 PM,8.35,0.064236111,0.461805556,0.301388889,666,994,NA,NA
C,Running,Sat,"Jul 18, 2015 ",9:05 AM,3.14,1.136111111,0.361111111,0.270833333,321,376,NA,NA
C,Running,Wed,"Jul 15, 2015 ",5:58 PM,3.35,1.3875,0.414583333,0.124305556,188,410,NA,NA
C,Running,Sun,"Jul 12, 2015 ",8:27 PM,4.86,2.388194444,0.490972222,0.054861111,485,570,NA,NA
C,Running,Thu,"Jul 9, 2015 6",6:53 PM,3.03,1.272222222,0.420138889,0.286111111,109,362,NA,NA
C,Running,Wed,"Jul 8, 2015 6",6:12 PM,4.85,1.99375,0.411111111,0.179861111,177,590,NA,NA
C,Running,Sun,"Jul 5, 2015 8",8:32 PM,6.22,0.050081019,0.482638889,0.345833333,313,741,NA,NA
C,Running,Sun,"Jul 5, 2015 8",8:05 PM,1.03,1.054861111,1.027083333,0.086111111,45,153,NA,NA
C,Running,Sat,"Jul 4, 2015 9",9:12 AM,3.16,1.154861111,0.365277778,0.272222222,315,375,NA,NA
C,Running,Thu,"Jul 2, 2015 6",6:40 PM,0.53,0.213888889,0.404861111,0.253472222,26,80,NA,NA
C,Running,Tue,"Jun 30, 2015 ",9:04 AM,4.69,2.107638889,0.45,0.349305556,171,558,NA,NA
C,Running,Mon,"Jun 29, 2015 ",10:04 AM,2.45,1.1125,0.454861111,0.344444444,NA,291,NA,NA
C,Running,Fri,"Jun 26, 2015 ",9:34 AM,3.5,1.593055556,0.455555556,0.357638889,393,426,NA,NA
C,Running,Sat,"Jun 20, 2015 ",8:53 AM,4.28,1.733333333,0.405555556,0.268055556,312,502,NA,NA
C,Running,Thu,"Jun 18, 2015 ",6:51 PM,2.7,1.127777778,0.418055556,0.305555556,101,320,NA,NA
C,Running,Tue,"Jun 16, 2015 ",4:55 PM,2.5,1.240277778,0.495138889,0.147222222,215,287,NA,NA
C,Running,Sun,"Jun 14, 2015 ",3:30 PM,7,0.056527778,0.484027778,0.229861111,278,805,NA,NA
C,Running,Thu,"Jun 11, 2015 ",6:52 PM,3.02,1.471527778,0.4875,0.266666667,167,353,NA,NA
C,Running,Sun,"Jun 7, 2015 ",9:27 AM,6.48,2.465277778,0.380555556,0.236805556,177,773,NA,NA
C,Running,Thu,"Jun 4, 2015 ",6:52 PM,1.53,0.547916667,0.356944444,0.247916667,57,182,NA,NA
C,Running,Mon,"Jun 1, 2015 ",6:58 PM,2.71,1.155555556,0.427083333,0.249305556,50,327,NA,NA
C,Running,Sat,"May 30, 2015 ",9:08 AM,5.39,0.041944444,0.467361111,0.049305556,338,640,NA,NA
C,Running,Thu,"May 28, 2015 ",6:53 PM,3.46,1.582638889,0.457638889,0.145833333,112,408,NA,NA
C,Running,Tue,"May 26, 2015 ",12:06 PM,2.65,1.085416667,0.409027778,0.046527778,59,314,NA,NA
C,Running,Sun,"May 24, 2015 ",11:02 AM,5.61,2.490277778,0.44375,0.46,285,681,NA,NA
C,Running,Tue,"May 19, 2015 ",9:23 AM,5.96,0.044756944,0.45,0.265972222,94,716,NA,NA
C,Running,Thu,"May 14, 2015 ",6:36 PM,4.3,2.054861111,0.477083333,0.302083333,262,509,NA,NA
C,Running,Sat,"May 9, 2015 ",9:08 AM,3.12,1.274305556,0.408333333,0.292361111,306,368,NA,NA
C,Running,Tue,"May 5, 2015 ",10:48 AM,4,1.822222222,0.455555556,0.26,132,485,NA,NA
C,Running,Mon,"Apr 27, 2015 ",8:20 PM,0,0.04,NA,0.138194444,NA,1,NA,NA
C,Running,Mon,"Apr 27, 2015 ",7:08 PM,3.96,0.086747685,1.313194444,0.54,36,582,NA,NA
C,Running,Mon,"Apr 6, 2015 ",4:46 PM,2.86,1.719444444,0.601388889,0.27,93,329,NA,NA
C,Running,Sun,"Mar 8, 2015 ",9:55 AM,4.26,1.988194444,0.465972222,0.279861111,245,520,NA,NA
C,Running,Sun,"Dec 28, 2014 ",11:30 AM,2.98,1.335416667,0.447916667,0.325,111,362,NA,NA
C,Running,Sat,"Dec 20, 2014 ",9:26 AM,3.22,1.672222222,0.520138889,0.061805556,91,412,NA,NA
C,Running,Sat,"Dec 13, 2014 ",4:13 PM,0.52,0.246527778,0.472916667,0.326388889,55,65,NA,NA
C,Running,Sat,"Dec 6, 2014 ",9:39 AM,3.61,2.103472222,0.582638889,0.3,73,478,NA,NA
D,Running,Wed,"Mar 16, 2016 ",6:16 PM,10.79,2.15625,0.2,0.157638889,122,550,164,177
D,Running,Tue,"Mar 15, 2016 ",5:34 PM,6.66,1.283333333,0.192361111,0.135416667,60,309,164,181
D,Running,Sun,"Mar 13, 2016 ",10:10 AM,20.79,0.072476852,0.209027778,0.140277778,334,947,160,173
D,Running,Sun,"Mar 13, 2016 ",12:00 AM,NA,0.072222222,NA,NA,NA,947,NA,NA
D,Indoor Cycling,Sat,"Mar 12, 2016 ",9:04 AM,0,2.163194444,0,NA,NA,412,152,180
D,Running,Thu,"Mar 10, 2016 ",6:44 PM,14.27,0.049085648,0.20625,0.158333333,154,705,170,188
D,Indoor Cycling,Tue,"Mar 8, 2016 ",5:53 PM,0,2.075694444,0,NA,NA,491,155,178
D,Indoor Cycling,Sat,"Mar 5, 2016 ",9:07 AM,0,2.293055556,0,NA,NA,495,152,180
D,Running,Thu,"Mar 3, 2016 ",6:37 PM,9.79,2.141666667,0.21875,0.172916667,35,511,157,183
D,Running,Sun,"Feb 28, 2016 ",10:00 AM,16.12,0.050648148,0.188194444,0.132638889,79,889,176,186
D,Indoor Cycling,Sat,"Feb 27, 2016 ",9:08 AM,0,2.19375,0,NA,NA,477,152,179
D,Running,Tue,"Feb 23, 2016 ",6:35 PM,11.33,2.296527778,0.202777778,0.165277778,122,589,161,178
D,Indoor Cycling,Mon,"Feb 22, 2016 ",6:27 PM,0,1.919444444,0,NA,NA,443,149,174
D,Running,Sun,"Feb 21, 2016 ",9:41 AM,15.38,0.059050926,0.230555556,0.070138889,345,838,156,180
D,Indoor Cycling,Sat,"Feb 20, 2016 ",9:04 AM,0,2.108333333,0,NA,NA,485,153,175
D,Running,Thu,"Feb 18, 2016 ",6:37 PM,5.19,1.327777778,0.255555556,0.139583333,41,300,149,180
D,Running,Tue,"Feb 16, 2016 ",6:17 PM,10.92,2.19375,0.200694444,0.160416667,121,557,160,176
D,Indoor Cycling,Mon,"Feb 15, 2016 ",6:30 PM,0,1.70625,0,NA,NA,405,152,173
D,Running,Sun,"Feb 14, 2016 ",9:45 AM,15.47,0.057881944,0.224305556,0.184027778,252,857,159,180
D,Indoor Cycling,Sat,"Feb 13, 2016 ",9:02 AM,0,2.294444444,0,NA,NA,522,159,183
D,Running,Thu,"Feb 11, 2016 ",6:43 PM,3.85,0.870833333,0.225694444,0.134722222,NA,228,NA,NA
D,Running,Sun,"Feb 7, 2016 ",11:14 AM,21.15,0.071550926,0.202777778,0.147916667,197,1304,NA,NA
D,Running,Thu,"Feb 4, 2016 ",6:35 PM,9.99,2.154166667,0.215972222,0.14375,61,597,NA,NA
D,Indoor Cycling,Mon,"Feb 1, 2016 ",6:26 PM,0,1.874305556,0,NA,NA,430,151,175
D,Running,Sun,"Jan 31, 2016 ",1:54 PM,11.65,0.043206019,0.222916667,0.102777778,169,612,157,181
D,Indoor Cycling,Sat,"Jan 30, 2016 ",9:01 AM,0,2.2875,0,NA,NA,540,156,182
D,Treadmill Running,Fri,"Jan 29, 2016 ",12:15 PM,2.7,1.134722222,0.420138889,0.316666667,NA,106,NA,NA
D,Indoor Cycling,Mon,"Jan 25, 2016 ",6:26 PM,0,1.936805556,0,NA,NA,0,NA,NA
D,Running,Sun,"Jan 24, 2016 ",9:44 AM,17.27,0.063761574,0.221527778,0.108333333,443,882,159,180
D,Indoor Cycling,Sat,"Jan 23, 2016 ",8:50 AM,0,0.046261574,0,NA,NA,550,144,177
D,Running,Thu,"Jan 21, 2016 ",6:39 PM,13.91,0.051921296,0.223611111,0.135416667,15,822,NA,NA
D,Running,Tue,"Jan 19, 2016 ",6:09 PM,10.83,2.252777778,0.208333333,0.1625,118,660,NA,NA
D,Indoor Cycling,Mon,"Jan 18, 2016 ",6:21 PM,0,2.292361111,0,NA,NA,475,144,181
D,Running,Sun,"Jan 17, 2016 ",9:38 AM,13.85,0.050659722,0.219444444,0.139583333,318,742,160,182
D,Indoor Cycling,Sat,"Jan 16, 2016 ",9:04 AM,0,2.317361111,0,NA,NA,545,156,180
D,Running,Thu,"Jan 14, 2016 ",6:38 PM,9.72,2.3875,0.245833333,0.134027778,72,562,NA,NA
D,Running,Tue,"Jan 12, 2016 ",6:09 PM,6.87,1.492361111,0.217361111,0.118055556,65,400,NA,NA
D,Indoor Cycling,Mon,"Jan 11, 2016 ",6:29 PM,0,2.053472222,0,NA,NA,0,NA,NA
D,Running,Sun,"Jan 10, 2016 ",8:47 AM,8.45,1.853472222,0.219444444,0.166666667,673,498,NA,NA
D,Indoor Cycling,Sat,"Jan 9, 2016 ",10:46 AM,0,2.328472222,0,NA,NA,567,161,183
D,Indoor Cycling,Mon,"Jan 4, 2016 ",6:24 PM,0,2.033333333,0,NA,NA,489,157,184
D,Treadmill Running,Sun,"Jan 3, 2016 ",10:06 AM,9.93,2.221527778,0.223611111,0.163888889,NA,610,NA,NA
D,Indoor Cycling,Sat,"Jan 2, 2016 ",9:11 AM,0,0.057962963,0,0,NA,0,NA,NA
D,Indoor Cycling,Wed,"Dec 30, 2015 ",6:37 PM,0,2.227777778,0,0,NA,503,154,182
D,Running,Sun,"Dec 27, 2015 ",2:03 PM,10.78,2.353472222,0.218055556,0.176388889,108,658,NA,NA
D,Running,Tue,"Dec 22, 2015 ",6:01 PM,6.72,1.615277778,0.240277778,0.135416667,55,397,NA,NA
D,Indoor Cycling,Mon,"Dec 21, 2015 ",6:28 PM,0,0.041840278,0,NA,NA,463,146,184
D,Indoor Cycling,Sat,"Dec 19, 2015 ",9:01 AM,0,2.336805556,0,NA,NA,548,157,186
D,Indoor Cycling,Mon,"Dec 14, 2015 ",6:29 PM,0,1.772916667,0,NA,NA,402,154,181
D,Indoor Cycling,Sat,"Dec 12, 2015 ",9:11 AM,0,2.129861111,0,NA,NA,0,NA,NA
D,Running,Thu,"Dec 10, 2015 ",6:40 PM,9.69,2.235416667,0.230555556,0.128472222,174,576,NA,NA
D,Treadmill Running,Wed,"Dec 9, 2015 ",6:03 PM,0.76,0.045358796,NA:NA,0.159722222,NA,39,NA,NA
D,Running,Tue,"Dec 8, 2015 ",5:59 PM,6.86,1.504861111,0.219444444,0.185416667,NA,416,NA,NA
D,Indoor Cycling,Mon,"Dec 7, 2015 ",6:36 PM,0,1.665277778,0,NA,NA,0,NA,NA
D,Running,Sun,"Dec 6, 2015 ",9:59 AM,13.02,0.047222222,0.217361111,0.152083333,109,792,NA,NA
D,Indoor Cycling,Sat,"Dec 5, 2015 ",9:05 AM,0,0.046805556,0,NA,NA,0,NA,NA
D,Running,Tue,"Dec 1, 2015 ",6:05 PM,7.12,1.738194444,0.24375,0.139583333,31,408,NA,NA
D,Running,Thu,"Nov 26, 2015 ",6:37 PM,7.81,1.634027778,0.209027778,0.170833333,17,468,NA,NA
D,Walking,Wed,"Nov 25, 2015 ",7:03 PM,1.62,1.407638889,0.871527778,0.152083333,NA,84,NA,NA
D,Treadmill Running,Sun,"Nov 22, 2015 ",11:27 AM,9.51,2.068055556,0.217361111,0.157638889,NA,529,165,183
D,Indoor Cycling,Sat,"Nov 21, 2015 ",9:06 AM,0,2.327777778,0,NA,NA,0,NA,NA
D,Treadmill Running,Wed,"Nov 18, 2015 ",6:03 PM,0.82,1.492361111,1.827777778,0.173611111,NA,43,NA,NA
D,Running,Tue,"Nov 17, 2015 ",6:06 PM,6,1.695138889,0.282638889,0.125,53,341,NA,NA
D,Indoor Cycling,Mon,"Nov 9, 2015 ",6:31 PM,0,1.866666667,0,NA,NA,0,NA,NA
D,Running,Sun,"Nov 1, 2015 ",10:18 AM,42.62,0.161655093,0.227777778,0.069444444,157,2599,NA,NA
D,Indoor Cycling,Sat,"Oct 24, 2015 ",8:12 AM,0,1.989583333,0,NA,NA,0,NA,NA
D,Running,Tue,"Oct 20, 2015 ",6:04 PM,8.34,1.920138889,0.229861111,0.174305556,34,502,NA,NA
D,Running,Fri,"Oct 9, 2015 ",1:18 PM,32.27,0.113078704,0.210416667,0.150694444,108,1959,NA,NA
D,Running,Tue,"Oct 6, 2015 ",6:08 PM,7.16,1.671527778,0.233333333,0.127777778,53,425,NA,NA
D,Indoor Cycling,Mon,"Oct 5, 2015 ",5:29 PM,0,0.042222222,0,NA,NA,381,127,178
D,Running,Thu,"Oct 1, 2015 ",5:48 PM,10.48,2.215972222,0.211111111,0.177777778,65,632,NA,NA
D,Running,Wed,"Sep 30, 2015 ",7:02 PM,8.68,2.449305556,0.281944444,0.113194444,45,492,NA,NA
D,Treadmill Running,Tue,"Sep 29, 2015 ",5:16 PM,18.04,0.07005787,0.233333333,0.122222222,NA,851,144,191
D,Indoor Cycling,Mon,"Sep 28, 2015 ",5:30 PM,0,2.16875,0,NA,NA,394,139,180
D,Indoor Cycling,Sat,"Sep 26, 2015 ",8:06 AM,0,2.194444444,0,NA,NA,485,149,177
D,Running,Fri,"Sep 25, 2015 ",5:49 PM,5.71,1.229861111,0.215277778,0.177777778,100,343,NA,NA
D,Running,Fri,"Sep 25, 2015 ",4:13 PM,18.96,0.063564815,0.201388889,0.170833333,345,1157,NA,NA
D,Indoor Cycling,Mon,"Sep 21, 2015 ",5:29 PM,0,1.877777778,0,NA,NA,0,NA,NA
D,Running,Sat,"Sep 19, 2015 ",8:13 AM,10.59,2.045833333,0.193055556,0.165972222,197,639,NA,NA
D,Running,Tue,"Sep 15, 2015 ",6:01 PM,8.63,2.126388889,0.246527778,0.190972222,222,502,NA,NA
D,Running,Sun,"Sep 13, 2015 ",9:34 AM,21.27,0.068506944,0.193055556,0.138194444,531,1308,NA,NA
D,Running,Fri,"Sep 11, 2015 ",3:07 PM,13.56,0.044490741,0.196527778,0.11875,346,825,NA,NA
D,Running,Tue,"Sep 8, 2015 ",6:07 PM,8.56,2.016666667,0.235416667,0.173611111,243,517,NA,NA
D,Running,Sun,"Sep 6, 2015 ",8:26 AM,22.56,0.076793981,0.204166667,0.18125,449,1372,NA,NA
D,Running,Wed,"Sep 2, 2015 ",6:14 PM,11.92,2.336805556,0.195833333,0.153472222,290,722,NA,NA
D,Running,Mon,"Aug 31, 2015 ",10:51 AM,12.57,0.047638889,0.227083333,0.134722222,415,706,NA,NA
D,Running,Mon,"Aug 31, 2015 ",9:16 AM,16.55,0.060914352,0.220833333,0.10625,524,980,NA,NA
D,Running,Sat,"Aug 29, 2015 ",9:46 AM,24.15,0.08443287,0.209722222,0.125694444,817,1467,NA,NA
D,Running,Wed,"Aug 26, 2015 ",7:06 PM,11.81,2.292361111,0.194444444,0.1375,394,631,170,189
D,Treadmill Running,Tue,"Aug 25, 2015 ",6:27 PM,9.87,1.928472222,0.195138889,0.172222222,NA,611,NA,NA
D,Running,Sun,"Aug 23, 2015 ",3:15 PM,16.72,0.0590625,0.211805556,0.149305556,295,1005,NA,NA
D,Running,Fri,"Aug 21, 2015 ",6:54 PM,6.64,1.303472222,0.196527778,0.170833333,208,405,NA,NA
D,Running,Thu,"Aug 20, 2015 ",6:44 PM,11.93,2.356944444,0.197222222,0.147916667,372,729,NA,NA
D,Running,Tue,"Aug 18, 2015 ",6:01 PM,11.94,0.047893519,0.240972222,0.129166667,258,716,NA,NA
D,Treadmill Running,Mon,"Aug 17, 2015 ",6:05 PM,5.25,1.472222222,0.280555556,0.123611111,NA,322,NA,NA
D,Running,Sat,"Aug 15, 2015 ",8:56 AM,12.89,0.043020833,0.2,0.159722222,251,797,NA,NA
D,Running,Thu,"Aug 13, 2015 ",8:06 PM,10.36,2.10625,0.203472222,0.168055556,251,628,NA,NA
D,Running,Tue,"Aug 11, 2015 ",6:04 PM,8.16,1.611805556,0.197222222,0.115972222,161,498,NA,NA
D,Running,Mon,"Aug 10, 2015 ",6:04 PM,6.31,1.245833333,0.197222222,0.148611111,NA,389,NA,NA
D,Running,Sat,"Aug 8, 2015 ",10:12 AM,19.4,0.070983796,0.219444444,0.157638889,753,1175,NA,NA
D,Running,Sat,"Aug 1, 2015 ",11:25 AM,9.21,2.015972222,0.21875,0.142361111,150,561,NA,NA
D,Running,Sun,"Jul 19, 2015 ",9:09 AM,18.65,0.064039352,0.20625,0.156944444,359,1144,NA,NA
D,Cycling,Wed,"Jul 15, 2015 ",4:50 PM,68.05,0.120127315,23.6,53.2,709,1316,147,176
D,Treadmill Running,Tue,"Jul 14, 2015 ",6:51 PM,5.37,1.0125,0.188194444,0.159722222,NA,260,162,179
D,Indoor Cycling,Mon,"Jul 13, 2015 ",5:31 PM,0,1.651388889,0,NA,NA,428,162,178
D,Running,Sat,"Jul 11, 2015 ",7:55 AM,16.11,0.054259259,0.202083333,0.171527778,235,796,163,179
D,Cycling,Wed,"Jul 8, 2015 ",4:41 PM,70.91,0.128819444,22.9,55.9,751,1970,NA,NA
D,Running,Tue,"Jul 7, 2015 ",6:05 PM,8.05,1.776388889,0.220833333,0.1375,200,465,NA,NA
D,Cycling,Wed,"Jul 1, 2015 ",4:34 PM,66.59,0.112314815,24.7,52.2,640,1859,NA,NA
D,Cycling,Wed,"Jun 17, 2015 ",5:48 PM,98.55,0.163969907,25,51.4,968,2778,NA,NA
D,Cycling,Sun,"Jun 7, 2015 ",7:54 AM,153.93,0.284375,22.6,54.2,2187,4628,NA,NA
D,Cycling,Tue,"May 26, 2015 ",1:33 PM,47.77,0.101550926,19.6,41.6,944,1477,NA,NA
D,Cycling,Tue,"May 26, 2015 ",1:33 PM,47.77,0.101550926,19.6,41.6,944,1477,NA,NA
D,Cycling,Mon,"May 25, 2015 ",5:31 PM,17.88,2.444444444,18.3,36.6,373,556,NA,NA
D,Cycling,Sun,"May 17, 2015 ",8:35 AM,160.95,0.287025463,23.4,63.6,1800,4582,NA,NA
D,Cycling,Sun,"May 17, 2015 ",8:35 AM,160.95,0.287025463,23.4,63.6,1800,4582,NA,NA
D,Cycling,Wed,"May 13, 2015 ",5:44 PM,73.36,0.117384259,26,53.9,629,2066,NA,NA
D,Cycling,Sun,"May 10, 2015 ",10:30 AM,63.29,0.132199074,19.9,45.7,678,1647,NA,NA
D,Cycling,Sun,"May 3, 2015 ",8:20 AM,128.26,0.238703704,22.4,58.1,1836,3877,NA,NA
D,Cycling,Sun,"May 3, 2015 ",8:20 AM,128.26,0.238703704,22.4,58.1,1836,3877,NA,NA
D,Cycling,Sat,"Aug 9, 2014 ",7:42 AM,154.65,0.327951389,19.6,64.1,3075,5014,NA,NA
D,Cycling,Sat,"Aug 9, 2014 ",7:42 AM,154.65,0.327951389,19.6,64.1,3075,5014,NA,NA
D,Cycling,Thu,"Jul 31, 2014 ",5:24 PM,53.76,0.085543981,26.2,61.5,540,1579,NA,NA
D,Cycling,Sat,"Jul 26, 2014 ",8:22 AM,56.42,0.095625,24.6,54.8,484,1545,NA,NA
D,Cycling,Fri,"Jul 25, 2014 ",2:44 PM,67.64,0.107951389,26.1,57.4,642,1947,NA,NA
D,Cycling,Mon,"Jul 21, 2014 ",5:47 PM,47.44,0.075902778,26,56.6,355,1318,NA,NA
D,Cycling,Tue,"Jul 15, 2014 ",5:22 PM,40.65,0.09,18.8,58.5,322,968,NA,NA
D,Cycling,Thu,"Jul 10, 2014 ",6:54 PM,30.56,0.052916667,24.1,50,238,813,NA,NA
D,Cycling,Thu,"Jul 10, 2014 ",6:40 PM,4.13,0.407638889,25.3,45.7,38,121,NA,NA
D,Cycling,Mon,"Jul 7, 2014 5",5:06 PM,60.76,0.102361111,24.7,63.8,543,1718,NA,NA
D,Cycling,Sat,"Jun 14, 2014 ",11:39 AM,84.41,0.187835648,18.7,56.1,1397,2521,NA,NA
D,Cycling,Sat,"Jun 14, 2014 ",11:39 AM,84.41,0.187835648,18.7,56.1,1397,2521,NA,NA
D,Cycling,Sat,"Jun 14, 2014 ",10:55 AM,6.73,1.078472222,15.6,45.7,71,177,NA,NA
D,Cycling,Sat,"Jun 14, 2014 ",10:55 AM,6.73,1.078472222,15.6,45.7,71,177,NA,NA
D,Cycling,Sun,"May 4, 2014 ",7:25 AM,171.86,0.363888889,19.7,57.6,2631,5424,NA,NA
D,Road Cycling,Thu,"May 1, 2014 ",11:18 AM,169.71,0.292488426,24.2,26,1877,NA,NA,NA
D,Cycling,Sun,"Apr 13, 2014 ",2:03 PM,32.04,0.075034722,17.8,46.7,246,876,NA,NA
D,Cycling,Sun,"Apr 13, 2014 ",1:28 PM,8.5,1.234027778,17.2,39.2,89,221,NA,NA
D,Cycling,Sun,"Aug 25, 2013 ",5:02 PM,40.91,0.095474537,17.9,42.1,194,898,NA,NA
D,Cycling,Sun,"Aug 25, 2013 ",1:25 PM,57.78,0.14931713,16.1,43.2,159,1332,NA,NA
D,Cycling,Sun,"Aug 25, 2013 ",10:55 AM,47.17,0.103217593,19,56.8,352,1267,NA,NA
D,Cycling,Sun,"Jul 21, 2013 ",12:55 PM,91.34,0.378761574,10,51.8,1143,2095,97,171
D,Cycling,Mon,"Jul 15, 2013 ",6:40 PM,51.2,0.095208333,22.4,42,182,1268,NA,NA
D,Cycling,Sat,"Jul 13, 2013 ",1:35 PM,3.05,0.465277778,16.4,37.5,8,48,104,128
D,Cycling,Sun,"Jul 7, 2013 ",10:50 AM,104.53,0.253125,17.2,54.6,1289,1987,133,173
D,Cycling,Fri,"Jul 5, 2013 ",4:31 PM,89.02,0.22287037,16.6,45.8,950,1791,119,165
D,Cycling,Sun,"Jun 30, 2013 ",10:05 AM,75.08,0.187280093,16.7,51.6,993,1473,129,201
